"order_id","product_id","customer_id","order_date","amount","region"
1,105,22,"2024-09-21","927.94","North"
2,124,125,"2024-12-01","576.34","East"
3,108,132,"2024-05-11","747.28","West"
4,136,121,"2024-12-19","354.34","South"
5,114,167,"2024-07-24","567.56","East"
6,113,69,"2025-03-15","261.00","North"
7,122,69,"2024-07-10","839.03","South"
8,124,134,"2025-03-28","351.32","South"
9,138,165,"2024-08-12","454.18","South"
10,143,1,"2025-02-07","332.40","West"
11,122,24,"2024-06-29","178.66","South"
12,122,201,"2024-12-12","597.04","South"
13,116,62,"2024-05-17","694.63","East"
14,113,147,"2024-06-06","681.51","East"
15,132,136,"2025-04-27","165.49","West"
16,109,114,"2025-04-11","296.40","East"
17,147,9,"2024-06-29","302.51","West"
18,133,60,"2024-08-06","568.96","South"
19,103,138,"2025-02-17","215.75","West"
20,147,189,"2025-03-16","585.11","North"
21,113,38,"2025-03-28","87.10","South"
22,127,39,"2024-11-01","605.10","West"
23,141,109,"2024-09-22","871.30","South"
24,119,3,"2025-04-19","787.31","East"
25,139,15,"2024-08-20","312.91","West"
26,138,143,"2024-06-09","412.25","South"
27,136,129,"2024-05-20","998.87","West"
28,144,180,"2025-03-07","315.10","East"
29,139,36,"2024-10-31","130.29","West"
30,127,173,"2025-03-06","65.82","North"
31,101,40,"2024-09-22","440.48","North"
32,149,29,"2024-11-27","127.29","North"
33,136,11,"2024-07-11","846.63","East"
34,121,130,"2024-05-27","284.12","South"
35,102,15,"2024-05-16","493.43","East"
36,133,170,"2024-05-11","491.70","South"
37,105,131,"2025-04-26","310.42","South"
38,127,156,"2024-06-03","64.27","West"
39,134,77,"2024-09-11","764.06","South"
40,113,90,"2024-06-15","802.52","South"
41,138,194,"2024-11-10","325.97","West"
42,126,114,"2024-10-01","754.52","East"
43,132,103,"2025-02-26","210.65","West"
44,146,60,"2024-12-17","729.68","South"
45,109,186,"2024-09-29","847.30","North"
46,130,26,"2025-03-26","261.20","North"
47,120,10,"2024-05-31","792.62","East"
48,132,56,"2025-03-17","577.81","East"
49,103,38,"2025-02-03","630.39","West"
50,130,176,"2025-02-09","925.82","North"
51,149,83,"2024-08-03","836.63","South"
52,138,16,"2024-09-27","580.49","North"
53,135,199,"2024-10-19","383.00","South"
54,103,23,"2024-10-29","68.72","South"
55,126,141,"2025-01-24","724.64","West"
56,150,140,"2024-06-09","405.39","East"
57,123,96,"2025-03-15","660.32","South"
58,146,136,"2025-04-04","862.09","East"
59,107,99,"2025-03-04","268.91","North"
60,140,143,"2024-11-05","92.52","East"
61,142,126,"2024-06-18","935.23","South"
62,133,169,"2024-11-13","840.74","South"
63,133,149,"2025-04-18","873.25","West"
64,143,138,"2025-03-31","974.22","South"
65,134,186,"2024-07-24","938.92","South"
66,107,48,"2024-07-31","377.43","West"
67,111,154,"2025-03-29","932.61","South"
68,149,192,"2024-12-11","754.35","West"
69,105,101,"2024-12-09","95.26","West"
70,108,92,"2024-11-30","114.50","East"
71,137,37,"2024-09-26","852.94","South"
72,140,134,"2024-07-17","937.75","West"
73,145,142,"2024-05-29","873.74","North"
74,103,172,"2024-06-20","77.17","West"
75,109,145,"2024-09-02","555.49","East"
76,128,139,"2024-12-10","423.69","North"
77,120,26,"2025-02-06","733.42","North"
78,125,173,"2024-09-27","150.48","North"
79,125,33,"2024-06-15","279.35","North"
80,140,136,"2025-03-13","453.77","North"
81,128,35,"2024-08-01","143.53","East"
82,129,68,"2025-03-13","522.95","North"
83,101,196,"2024-08-23","841.60","North"
84,108,12,"2025-03-13","774.32","East"
85,102,128,"2024-08-18","64.46","West"
86,133,144,"2024-09-21","712.72","West"
87,113,69,"2025-01-13","651.23","West"
88,104,156,"2024-05-06","390.29","South"
89,146,144,"2024-12-02","626.29","West"
90,143,1,"2024-12-20","338.20","North"
91,146,180,"2024-07-07","192.75","South"
92,147,166,"2025-01-03","255.18","South"
93,148,109,"2024-06-25","234.61","North"
94,127,67,"2024-05-09","172.45","West"
95,144,113,"2024-11-15","154.80","South"
96,125,199,"2024-10-25","377.81","North"
97,130,148,"2024-07-20","455.93","North"
98,142,114,"2024-09-18","190.97","East"
99,140,120,"2024-08-04","242.85","South"
100,144,9,"2025-03-02","642.57","North"
101,132,147,"2024-08-11","354.98","South"
102,118,156,"2024-09-27","465.88","South"
103,110,164,"2024-09-29","192.78","East"
104,133,113,"2025-01-20","923.91","South"
105,101,138,"2024-08-21","263.68","North"
106,138,40,"2024-08-04","834.33","West"
107,127,7,"2024-09-27","878.57","West"
108,140,185,"2025-03-07","853.07","East"
109,103,28,"2024-12-12","397.63","West"
110,125,184,"2025-04-26","507.84","West"
111,104,177,"2024-06-02","627.27","East"
112,109,53,"2025-03-28","354.64","West"
113,141,131,"2025-02-12","435.14","South"
114,107,89,"2024-08-31","163.59","West"
115,116,15,"2024-12-29","259.69","West"
116,112,197,"2024-06-06","217.28","West"
117,134,64,"2024-06-13","852.73","West"
118,146,77,"2024-11-21","991.52","West"
119,117,105,"2024-08-19","297.95","East"
120,127,142,"2024-08-08","654.27","East"
121,116,198,"2024-07-10","412.08","North"
122,145,101,"2024-10-31","275.84","East"
123,122,160,"2025-03-20","339.90","West"
124,107,53,"2025-04-13","665.39","West"
125,143,111,"2024-12-17","523.04","West"
126,134,104,"2024-07-16","757.49","South"
127,137,38,"2024-05-05","989.52","East"
128,118,166,"2024-05-11","796.49","North"
129,118,120,"2024-12-19","715.93","West"
130,128,5,"2025-02-06","136.08","East"
131,114,176,"2024-11-07","325.09","East"
132,102,125,"2024-07-09","216.19","West"
133,132,135,"2025-04-03","308.08","West"
134,116,126,"2024-05-04","551.87","North"
135,109,108,"2025-01-19","203.58","East"
136,129,73,"2025-02-12","52.35","East"
137,129,79,"2025-04-07","987.03","North"
138,148,149,"2024-12-01","782.18","East"
139,124,123,"2024-09-10","737.17","East"
140,116,136,"2025-02-25","494.17","South"
141,115,67,"2024-11-03","698.00","North"
142,111,69,"2024-06-09","407.61","East"
143,124,85,"2024-11-23","963.85","East"
144,136,132,"2024-09-07","527.31","North"
145,101,176,"2024-07-23","126.84","South"
146,112,116,"2024-05-24","345.96","South"
147,140,193,"2024-08-21","546.94","South"
148,110,21,"2024-05-24","706.42","West"
149,143,196,"2025-03-04","514.77","East"
150,103,79,"2025-04-03","690.92","South"
151,124,117,"2025-03-03","155.92","South"
152,105,142,"2024-09-18","617.07","East"
153,138,7,"2025-01-29","850.34","South"
154,103,2,"2024-05-28","410.12","East"
155,136,178,"2024-09-17","511.35","South"
156,136,48,"2025-01-16","363.25","West"
157,128,90,"2024-05-22","525.61","South"
158,127,7,"2024-05-18","394.83","North"
159,149,146,"2024-05-24","730.57","West"
160,134,115,"2024-11-01","420.38","South"
161,118,122,"2024-12-01","130.56","South"
162,150,2,"2024-05-22","731.34","South"
163,144,179,"2024-10-07","270.47","East"
164,100,184,"2024-11-07","566.88","North"
165,107,35,"2025-04-29","950.34","East"
166,127,78,"2025-01-08","380.50","East"
167,124,123,"2025-02-16","88.48","South"
168,128,109,"2025-02-11","483.54","East"
169,141,123,"2024-10-29","221.77","East"
170,128,52,"2024-09-05","190.50","East"
171,100,76,"2024-12-28","816.50","South"
172,125,45,"2024-05-26","851.73","West"
173,139,184,"2024-12-21","717.91","North"
174,150,82,"2024-11-23","380.52","North"
175,129,144,"2024-07-28","938.70","West"
176,139,26,"2025-04-02","642.55","West"
177,147,195,"2024-06-17","204.72","East"
178,148,24,"2024-09-23","864.34","South"
179,117,139,"2025-01-31","456.36","West"
180,110,107,"2024-07-07","766.85","South"
181,138,129,"2024-06-07","964.44","West"
182,116,165,"2024-10-11","79.68","North"
183,136,112,"2025-03-06","957.55","East"
184,116,61,"2024-06-01","668.09","North"
185,146,54,"2024-09-12","449.18","West"
186,108,159,"2024-05-20","909.26","East"
187,105,87,"2024-10-05","764.77","West"
188,132,5,"2025-04-15","464.93","South"
189,138,131,"2025-02-01","557.79","West"
190,147,162,"2024-06-09","935.55","South"
191,117,115,"2025-04-16","779.14","North"
192,112,106,"2024-05-19","223.73","West"
193,114,27,"2025-03-10","892.59","East"
194,139,19,"2025-01-29","881.93","East"
195,103,58,"2024-05-01","448.61","West"
196,133,152,"2025-04-19","794.40","East"
197,106,116,"2024-10-02","936.98","North"
198,124,49,"2024-07-18","884.24","South"
199,125,20,"2025-03-30","456.81","North"
200,149,51,"2025-04-06","992.91","West"
201,144,138,"2024-04-29","770.76","West"
202,102,149,"2024-08-24","608.41","East"
203,106,43,"2025-01-04","137.52","East"
204,139,94,"2024-12-23","795.73","South"
205,145,183,"2025-01-12","158.19","East"
206,120,147,"2024-10-10","342.80","South"
207,116,177,"2024-05-01","153.36","North"
208,114,192,"2024-12-02","888.64","West"
209,104,76,"2024-12-17","558.74","North"
210,125,15,"2025-03-20","389.15","North"
211,147,39,"2024-05-20","143.14","South"
212,129,166,"2024-11-08","231.67","North"
213,147,34,"2024-08-13","119.46","East"
214,113,142,"2025-01-05","688.08","South"
215,135,107,"2024-05-08","953.66","North"
216,147,157,"2024-11-27","83.56","South"
217,137,49,"2024-07-06","875.69","South"
218,130,146,"2025-03-15","283.72","North"
219,122,15,"2025-01-02","848.50","West"
220,103,134,"2024-05-10","333.53","West"
221,146,99,"2024-12-22","376.32","East"
222,148,88,"2024-08-12","887.54","South"
223,139,168,"2024-06-18","472.09","North"
224,130,65,"2024-12-13","292.41","North"
225,113,89,"2025-02-18","497.95","South"
226,121,6,"2024-10-04","910.15","South"
227,133,70,"2024-12-29","517.54","West"
228,143,173,"2024-08-08","501.72","East"
229,130,123,"2024-05-16","471.17","West"
230,139,67,"2024-06-14","199.84","North"
231,105,39,"2024-11-02","503.75","East"
232,132,71,"2024-07-17","621.72","East"
233,100,157,"2025-03-20","404.64","West"
234,135,177,"2024-07-28","225.90","West"
235,140,55,"2025-04-11","655.99","South"
236,116,181,"2024-12-08","615.09","West"
237,103,142,"2025-03-17","74.78","West"
238,103,105,"2024-10-25","738.74","East"
239,114,26,"2024-09-26","287.84","West"
240,114,44,"2024-11-08","633.61","South"
241,120,77,"2024-12-10","719.45","North"
242,117,98,"2025-04-12","320.69","North"
243,103,163,"2024-12-21","602.60","West"
244,129,90,"2024-07-30","681.35","North"
245,112,28,"2025-03-08","81.73","East"
246,143,35,"2025-03-31","764.65","East"
247,150,47,"2024-11-23","699.77","South"
248,134,156,"2024-06-24","865.19","North"
249,147,100,"2025-03-28","487.69","North"
250,129,83,"2024-11-20","367.28","North"
251,129,133,"2024-07-13","197.08","East"
252,149,138,"2024-06-04","308.88","South"
253,129,54,"2024-12-30","844.88","East"
254,142,88,"2024-11-28","667.34","East"
255,122,140,"2025-03-28","542.47","West"
256,111,67,"2024-05-05","315.99","West"
257,125,65,"2025-03-23","682.37","West"
258,109,161,"2025-03-12","300.20","South"
259,132,36,"2024-08-01","997.76","South"
260,148,144,"2025-02-27","848.23","East"
261,130,126,"2024-09-25","86.65","North"
262,120,190,"2024-12-19","277.66","South"
263,125,142,"2024-11-10","366.32","East"
264,115,167,"2025-04-05","841.61","North"
265,134,181,"2024-12-14","364.26","West"
266,108,131,"2024-08-03","894.97","South"
267,123,149,"2024-06-09","219.38","North"
268,141,173,"2024-05-20","898.48","East"
269,105,15,"2024-06-14","560.50","East"
270,139,50,"2024-10-04","565.51","East"
271,139,196,"2024-11-10","752.78","East"
272,149,161,"2024-12-10","804.47","East"
273,117,15,"2025-02-27","502.88","West"
274,139,111,"2024-07-07","642.59","South"
275,149,107,"2024-12-20","400.93","West"
276,138,173,"2024-11-24","856.66","West"
277,124,28,"2025-04-17","287.43","South"
278,125,12,"2024-10-24","451.10","North"
279,135,14,"2025-03-27","902.40","South"
280,125,21,"2024-09-18","571.61","South"
281,128,93,"2024-06-07","915.53","North"
282,125,63,"2024-10-29","566.09","North"
283,149,139,"2024-12-04","339.13","West"
284,119,188,"2025-04-06","723.02","West"
285,132,104,"2025-01-26","931.38","South"
286,133,35,"2024-07-15","167.72","East"
287,103,111,"2025-02-11","560.97","South"
288,105,25,"2024-12-01","583.19","South"
289,149,29,"2024-12-26","857.05","South"
290,141,161,"2025-03-01","803.86","West"
291,131,174,"2024-05-21","465.59","East"
292,111,200,"2025-03-09","813.49","South"
293,128,181,"2024-05-22","288.74","North"
294,127,90,"2024-05-17","880.81","West"
295,148,182,"2024-06-19","263.69","West"
296,144,171,"2025-01-24","237.57","East"
297,106,128,"2024-06-09","59.07","East"
298,102,186,"2024-07-31","116.43","South"
299,143,169,"2025-01-28","251.76","East"
300,131,131,"2024-12-05","106.01","West"
301,138,46,"2025-03-28","709.57","North"
302,121,120,"2024-11-30","908.34","South"
303,101,189,"2024-12-08","773.43","North"
304,144,163,"2024-12-11","256.01","North"
305,111,52,"2024-11-28","720.57","West"
306,109,82,"2025-03-02","995.56","East"
307,124,60,"2024-07-25","515.28","North"
308,126,69,"2024-09-27","433.52","West"
309,140,171,"2024-06-14","134.14","North"
310,126,44,"2024-11-30","801.18","North"
311,149,105,"2024-08-21","99.20","South"
312,114,83,"2024-11-28","178.77","East"
313,125,167,"2025-02-20","442.77","West"
314,136,102,"2024-12-03","715.48","East"
315,111,103,"2024-06-12","289.98","North"
316,115,64,"2025-01-27","645.91","East"
317,104,82,"2024-10-29","475.34","East"
318,118,5,"2025-01-03","540.82","North"
319,121,197,"2024-08-22","854.44","South"
320,120,182,"2024-05-17","88.59","South"
321,120,57,"2024-08-12","80.05","North"
322,143,16,"2025-01-29","428.10","South"
323,109,67,"2024-07-01","728.12","West"
324,105,141,"2025-01-21","420.51","West"
325,137,192,"2024-05-19","284.14","East"
326,145,133,"2024-05-17","999.29","North"
327,113,96,"2024-11-30","641.17","East"
328,131,162,"2024-05-06","139.28","West"
329,143,67,"2024-08-22","686.56","West"
330,119,158,"2024-08-08","274.31","West"
331,109,24,"2025-02-09","953.06","East"
332,129,44,"2024-06-03","699.87","South"
333,136,168,"2024-05-18","119.46","North"
334,127,98,"2024-05-04","108.67","South"
335,138,42,"2024-08-21","669.73","North"
336,108,37,"2025-01-25","410.40","South"
337,127,89,"2024-07-12","779.47","South"
338,110,60,"2024-06-17","397.13","North"
339,123,6,"2025-02-22","873.57","East"
340,141,162,"2024-07-28","185.64","West"
341,149,189,"2024-07-24","575.94","West"
342,145,197,"2025-02-16","196.62","South"
343,119,10,"2024-06-02","435.62","East"
344,117,61,"2024-07-21","263.56","North"
345,119,121,"2024-12-30","191.33","East"
346,129,55,"2024-12-26","127.48","East"
347,122,97,"2024-07-30","748.67","South"
348,120,25,"2024-10-27","687.36","North"
349,143,177,"2024-05-23","312.43","West"
350,137,115,"2025-02-24","65.36","East"
351,119,28,"2025-04-09","678.03","South"
352,142,191,"2024-08-20","414.87","East"
353,143,28,"2024-06-24","964.49","West"
354,141,62,"2024-08-26","639.86","South"
355,142,57,"2024-07-24","608.14","North"
356,102,169,"2024-07-19","260.85","North"
357,128,72,"2025-03-15","656.42","North"
358,129,97,"2024-11-26","692.05","South"
359,141,80,"2024-09-13","564.82","West"
360,148,95,"2025-01-30","474.09","South"
361,101,116,"2025-03-11","776.43","South"
362,132,171,"2025-01-15","58.20","North"
363,100,166,"2025-02-27","259.92","North"
364,138,94,"2025-02-04","131.25","South"
365,139,131,"2024-12-03","342.71","North"
366,115,163,"2024-12-12","647.80","East"
367,144,111,"2024-08-30","60.86","North"
368,103,133,"2025-03-16","848.44","East"
369,106,142,"2024-11-02","882.98","West"
370,140,61,"2024-05-01","691.62","East"
371,121,148,"2024-10-02","99.33","South"
372,125,49,"2024-12-03","295.07","South"
373,143,98,"2025-01-16","370.00","West"
374,115,46,"2024-07-14","675.69","South"
375,119,125,"2024-05-28","281.49","East"
376,148,161,"2024-12-28","146.76","East"
377,135,96,"2024-10-28","162.28","South"
378,119,179,"2024-08-25","873.67","South"
379,147,132,"2024-06-27","824.22","East"
380,142,15,"2024-07-04","352.96","South"
381,112,39,"2025-04-25","181.12","North"
382,144,19,"2024-10-16","626.73","North"
383,132,35,"2024-06-21","673.26","South"
384,111,30,"2024-12-17","156.03","East"
385,104,95,"2025-04-10","293.07","West"
386,108,189,"2024-08-02","865.84","East"
387,118,110,"2024-11-27","203.59","North"
388,117,156,"2024-12-17","831.71","South"
389,148,59,"2024-11-06","708.83","West"
390,106,10,"2024-07-27","125.64","West"
391,124,100,"2024-06-29","536.36","North"
392,139,73,"2024-05-07","867.26","South"
393,127,134,"2024-07-01","837.86","South"
394,134,35,"2024-10-23","942.43","North"
395,118,178,"2024-08-03","810.03","North"
396,124,99,"2024-08-19","497.54","North"
397,127,106,"2025-03-25","711.49","West"
398,149,44,"2024-12-18","85.54","East"
399,105,125,"2024-05-30","268.38","West"
400,115,67,"2024-08-22","59.87","East"
401,101,63,"2024-11-03","967.53","East"
402,134,177,"2024-12-25","139.86","West"
403,137,173,"2024-08-30","788.88","East"
404,103,70,"2024-05-09","726.93","North"
405,124,137,"2024-05-12","778.22","South"
406,118,106,"2024-08-12","372.85","North"
407,115,197,"2024-07-15","211.48","South"
408,107,161,"2024-08-08","906.34","South"
409,139,108,"2025-04-16","175.61","South"
410,115,11,"2025-03-12","350.72","East"
411,133,80,"2025-03-08","753.96","North"
412,134,153,"2025-02-01","275.12","West"
413,102,65,"2024-08-03","464.59","East"
414,147,64,"2024-11-06","294.31","North"
415,111,22,"2025-04-07","838.72","West"
416,111,113,"2024-10-23","542.65","North"
417,110,56,"2024-08-29","82.50","South"
418,132,192,"2025-01-16","638.18","West"
419,121,86,"2024-10-08","503.33","North"
420,149,172,"2025-02-01","817.36","South"
421,115,75,"2024-10-01","689.67","West"
422,150,48,"2024-11-29","603.15","East"
423,103,4,"2024-06-07","735.59","South"
424,133,195,"2024-05-28","778.45","South"
425,128,40,"2024-08-08","671.67","East"
426,133,104,"2025-02-01","256.27","South"
427,139,89,"2024-12-09","834.50","West"
428,123,72,"2024-08-09","773.41","North"
429,131,62,"2025-03-15","674.22","North"
430,149,75,"2025-01-05","69.29","East"
431,132,37,"2025-04-06","254.75","North"
432,142,135,"2024-10-03","932.22","South"
433,133,194,"2024-06-28","481.63","North"
434,110,129,"2025-04-19","474.45","West"
435,105,161,"2024-05-11","718.62","East"
436,122,9,"2024-05-06","975.72","East"
437,146,51,"2024-11-19","423.89","East"
438,141,107,"2025-01-30","380.61","West"
439,142,184,"2024-11-23","512.31","East"
440,100,151,"2025-02-09","985.31","South"
441,113,124,"2024-12-18","798.04","East"
442,127,131,"2024-08-12","430.23","South"
443,135,189,"2024-05-03","396.28","East"
444,135,112,"2024-06-19","710.56","South"
445,109,82,"2025-03-13","896.46","South"
446,123,40,"2024-09-07","63.07","West"
447,147,6,"2024-10-27","253.75","East"
448,148,8,"2024-12-13","938.26","East"
449,135,66,"2025-01-29","121.07","North"
450,112,111,"2025-03-25","759.71","North"
451,140,89,"2025-03-02","357.50","South"
452,142,97,"2024-10-20","195.70","West"
453,122,191,"2024-07-09","226.55","West"
454,118,87,"2024-09-09","939.82","East"
455,131,146,"2025-03-22","822.62","West"
456,145,31,"2024-09-29","349.01","South"
457,120,93,"2025-04-02","281.22","East"
458,103,16,"2024-07-09","412.84","South"
459,150,127,"2024-08-21","581.85","West"
460,114,58,"2025-04-05","942.82","North"
461,100,73,"2025-04-12","445.07","South"
462,141,79,"2024-07-13","87.48","East"
463,133,5,"2024-05-26","453.30","North"
464,140,39,"2024-05-28","421.96","East"
465,142,81,"2024-06-30","398.81","West"
466,110,121,"2024-12-15","760.57","South"
467,122,29,"2024-07-26","278.19","East"
468,140,137,"2025-02-09","792.96","East"
469,111,62,"2024-12-02","668.68","West"
470,148,144,"2024-11-22","874.48","South"
471,145,69,"2024-11-26","664.90","North"
472,134,192,"2025-04-12","698.11","East"
473,149,192,"2025-02-12","449.56","West"
474,128,137,"2025-04-19","840.71","East"
475,104,180,"2025-04-21","182.19","East"
476,112,107,"2024-11-09","567.92","East"
477,101,109,"2024-09-04","713.16","East"
478,134,14,"2025-02-04","480.37","West"
479,147,193,"2024-09-25","207.90","South"
480,115,28,"2024-06-10","488.20","West"
481,144,120,"2025-03-17","946.90","West"
482,128,75,"2024-12-27","174.51","South"
483,124,3,"2025-01-22","237.21","North"
484,101,182,"2024-05-14","371.05","North"
485,136,191,"2024-08-07","608.31","North"
486,131,89,"2025-02-12","304.09","East"
487,148,66,"2024-11-06","144.97","West"
488,130,132,"2024-07-21","281.39","North"
489,105,41,"2024-12-08","268.57","North"
490,123,194,"2024-10-23","850.92","East"
491,105,20,"2024-05-16","589.62","South"
492,146,86,"2025-01-09","285.15","West"
493,109,6,"2024-11-01","540.31","West"
494,136,108,"2024-12-28","62.35","South"
495,135,4,"2025-02-21","924.01","South"
496,110,198,"2024-10-25","682.16","North"
497,104,89,"2024-10-25","206.15","North"
498,117,192,"2025-01-11","368.07","West"
499,129,151,"2025-01-31","879.71","East"
500,132,160,"2024-12-01","691.02","North"
501,123,35,"2024-06-29","631.75","South"
502,105,136,"2025-01-30","799.38","West"
503,114,11,"2025-02-02","999.25","South"
504,148,149,"2024-12-12","755.41","South"
505,120,9,"2024-12-01","462.69","South"
506,145,51,"2024-05-14","751.70","South"
507,130,26,"2025-03-22","670.94","South"
508,138,71,"2024-12-06","196.39","East"
509,107,147,"2025-02-15","402.28","South"
510,137,59,"2024-05-05","613.78","West"
511,126,47,"2024-06-07","259.36","East"
512,139,192,"2025-02-06","747.18","South"
513,111,142,"2024-10-29","456.80","East"
514,135,32,"2025-01-15","979.31","East"
515,114,157,"2024-09-27","476.52","South"
516,130,187,"2025-01-17","773.50","South"
517,111,41,"2025-04-13","462.80","West"
518,123,184,"2025-02-21","830.36","East"
519,109,144,"2024-11-08","522.89","West"
520,140,129,"2024-12-18","468.54","North"
521,112,146,"2024-09-24","271.00","West"
522,112,172,"2025-01-10","105.45","East"
523,138,31,"2025-03-08","132.03","South"
524,133,43,"2025-01-17","519.66","West"
525,147,196,"2024-10-15","390.88","West"
526,126,53,"2024-06-20","775.42","North"
527,134,120,"2024-08-11","809.36","North"
528,123,196,"2024-05-31","712.70","East"
529,103,1,"2024-05-01","219.86","East"
530,150,136,"2024-10-03","303.36","South"
531,118,164,"2024-10-27","149.15","West"
532,104,190,"2024-07-09","922.88","West"
533,148,13,"2025-04-03","692.57","East"
534,101,40,"2024-06-09","953.50","East"
535,123,131,"2025-03-10","95.16","East"
536,132,111,"2025-04-25","289.28","North"
537,139,78,"2024-10-21","125.63","East"
538,133,18,"2025-02-05","142.26","South"
539,110,128,"2024-12-17","700.75","West"
540,125,61,"2025-04-26","860.98","East"
541,115,142,"2025-02-09","558.95","South"
542,149,32,"2025-02-28","789.43","East"
543,112,146,"2025-03-25","77.44","North"
544,126,181,"2024-09-19","783.49","North"
545,111,30,"2024-09-15","892.01","North"
546,135,65,"2024-09-22","236.86","South"
547,138,37,"2025-02-01","878.26","West"
548,143,43,"2024-08-22","186.66","South"
549,141,185,"2024-07-14","648.76","East"
550,148,42,"2025-01-08","404.85","North"
551,108,21,"2025-01-25","864.17","East"
552,111,7,"2024-12-04","940.46","South"
553,122,34,"2024-06-02","593.18","West"
554,132,74,"2025-04-05","289.09","East"
555,140,27,"2024-08-19","687.58","South"
556,147,201,"2025-04-23","240.55","South"
557,127,94,"2025-03-05","723.83","North"
558,128,103,"2025-02-15","910.20","South"
559,107,167,"2025-01-11","369.13","West"
560,101,85,"2024-06-24","108.22","South"
561,102,199,"2025-04-23","962.94","South"
562,136,52,"2025-02-10","976.88","West"
563,132,112,"2024-09-14","485.67","East"
564,139,111,"2024-05-11","644.47","North"
565,117,22,"2025-03-03","654.47","West"
566,109,177,"2025-03-23","416.95","East"
567,135,142,"2024-12-10","342.59","South"
568,138,39,"2024-07-16","953.83","North"
569,121,141,"2024-09-21","783.53","South"
570,126,190,"2024-08-23","326.17","North"
571,105,168,"2025-02-01","758.52","North"
572,143,142,"2024-06-29","697.27","North"
573,100,140,"2024-12-30","816.64","South"
574,122,145,"2024-08-03","988.80","West"
575,109,179,"2024-08-25","855.83","South"
576,126,13,"2024-12-25","83.56","East"
577,112,109,"2024-05-21","253.10","South"
578,101,110,"2024-09-30","138.38","West"
579,124,100,"2025-04-20","473.56","East"
580,149,177,"2025-04-29","664.74","North"
581,103,100,"2024-10-19","736.83","South"
582,149,125,"2024-09-16","687.63","West"
583,112,70,"2025-03-31","621.18","South"
584,146,138,"2025-02-12","349.78","East"
585,108,38,"2024-08-06","532.82","North"
586,120,189,"2025-03-13","225.25","South"
587,139,117,"2024-11-06","71.23","South"
588,148,62,"2025-01-18","959.31","West"
589,100,148,"2024-08-25","881.12","West"
590,116,51,"2024-08-13","625.75","East"
591,121,73,"2024-06-13","968.21","East"
592,110,137,"2024-09-26","569.30","North"
593,123,182,"2025-02-23","66.39","West"
594,109,51,"2024-09-03","183.14","North"
595,101,92,"2024-11-23","363.32","North"
596,133,140,"2024-07-16","497.49","South"
597,149,142,"2024-05-01","780.72","North"
598,114,72,"2025-04-10","389.49","East"
599,109,37,"2024-07-20","284.16","East"
600,150,148,"2024-07-18","266.23","West"
601,144,112,"2024-09-09","874.07","South"
602,149,98,"2024-08-19","180.55","South"
603,125,83,"2024-08-13","520.98","North"
604,111,168,"2025-03-14","216.17","West"
605,142,91,"2025-02-08","757.89","South"
606,127,138,"2024-08-12","215.12","South"
607,141,124,"2025-01-28","211.28","South"
608,148,151,"2025-01-21","950.14","South"
609,123,168,"2024-12-15","125.16","West"
610,102,177,"2024-08-02","402.46","South"
611,125,70,"2024-07-23","659.03","South"
612,101,83,"2024-08-13","71.02","North"
613,147,163,"2024-12-13","471.70","North"
614,136,133,"2025-01-02","388.49","West"
615,110,46,"2024-11-05","857.33","West"
616,125,166,"2025-04-05","96.20","North"
617,149,134,"2024-07-09","123.65","North"
618,144,87,"2025-02-09","136.22","West"
619,120,129,"2024-06-30","393.49","East"
620,102,100,"2024-09-30","145.97","North"
621,115,33,"2024-07-07","833.87","East"
622,118,194,"2024-06-22","389.36","West"
623,115,104,"2025-03-31","940.69","East"
624,144,196,"2024-06-15","259.27","East"
625,103,55,"2024-06-18","612.20","East"
626,120,5,"2024-10-17","389.35","South"
627,131,127,"2024-12-08","189.71","North"
628,133,103,"2024-11-30","911.81","North"
629,115,22,"2025-02-23","272.40","West"
630,121,174,"2025-04-06","472.33","South"
631,116,43,"2024-11-05","889.61","West"
632,132,167,"2024-12-10","714.98","North"
633,150,192,"2025-03-14","790.75","East"
634,123,172,"2024-06-14","871.57","South"
635,102,137,"2024-05-18","351.96","East"
636,121,61,"2025-01-06","666.56","East"
637,134,101,"2025-02-22","996.63","North"
638,111,92,"2024-11-24","371.59","South"
639,104,192,"2025-02-03","942.04","East"
640,117,196,"2025-04-20","896.29","North"
641,113,115,"2024-10-13","479.62","North"
642,130,129,"2024-11-16","750.39","North"
643,114,38,"2025-03-30","980.20","South"
644,136,49,"2024-11-09","545.17","North"
645,128,174,"2025-01-05","117.03","East"
646,102,194,"2024-12-28","967.22","West"
647,122,180,"2024-06-14","991.43","North"
648,102,18,"2024-05-26","178.64","West"
649,149,139,"2024-12-26","344.59","East"
650,119,5,"2025-04-26","50.87","North"
651,137,50,"2024-09-08","114.85","East"
652,121,33,"2025-02-05","929.72","South"
653,124,187,"2024-11-15","995.60","North"
654,134,162,"2024-05-18","843.50","South"
655,140,53,"2025-04-01","188.06","South"
656,107,162,"2024-11-22","216.48","South"
657,131,110,"2025-03-15","52.32","East"
658,149,81,"2025-02-11","633.32","South"
659,139,146,"2025-02-18","833.35","East"
660,118,183,"2025-02-12","922.64","South"
661,133,179,"2024-09-03","334.25","West"
662,114,129,"2024-11-05","136.25","West"
663,124,191,"2025-02-13","919.75","South"
664,114,194,"2024-12-10","138.09","East"
665,112,169,"2024-11-06","538.59","West"
666,107,16,"2024-09-07","522.21","East"
667,105,77,"2024-11-02","469.21","West"
668,104,94,"2024-09-05","845.95","East"
669,110,121,"2024-09-18","360.64","North"
670,149,73,"2025-02-18","802.15","East"
671,140,166,"2024-12-27","989.42","South"
672,112,21,"2024-06-13","183.26","West"
673,141,167,"2024-05-25","962.13","North"
674,101,188,"2024-05-19","282.63","North"
675,143,117,"2025-01-10","638.71","South"
676,104,168,"2024-09-04","323.03","East"
677,114,121,"2025-04-22","950.26","West"
678,121,44,"2024-06-19","206.56","South"
679,122,31,"2024-05-24","362.13","West"
680,150,167,"2024-11-05","105.39","South"
681,103,52,"2024-07-24","535.34","North"
682,126,79,"2024-09-17","681.11","West"
683,139,120,"2024-08-01","525.06","North"
684,129,85,"2024-07-12","819.04","South"
685,124,73,"2025-03-16","749.04","East"
686,111,117,"2025-02-11","847.23","East"
687,145,22,"2024-05-19","434.06","North"
688,144,84,"2024-10-27","776.68","West"
689,107,50,"2025-01-04","483.08","North"
690,134,127,"2024-12-03","397.18","South"
691,117,5,"2024-11-02","500.03","North"
692,148,190,"2024-08-30","894.39","East"
693,126,132,"2024-07-09","437.25","West"
694,118,33,"2025-01-15","91.76","East"
695,110,47,"2025-04-03","328.83","East"
696,131,108,"2024-06-24","78.40","East"
697,133,47,"2024-06-15","630.26","North"
698,125,4,"2024-12-05","541.04","North"
699,101,50,"2024-07-02","76.61","East"
700,141,38,"2025-03-16","183.96","East"
701,146,115,"2024-09-22","840.50","North"
702,146,76,"2024-09-28","311.93","North"
703,108,153,"2024-09-16","374.31","West"
704,125,129,"2024-06-19","890.33","West"
705,104,164,"2024-12-02","895.60","West"
706,113,9,"2024-11-06","943.87","North"
707,140,38,"2025-02-02","904.90","West"
708,134,11,"2025-03-04","286.10","North"
709,119,161,"2024-11-22","350.65","North"
710,138,82,"2024-07-03","820.43","South"
711,121,40,"2024-11-17","601.20","South"
712,125,32,"2024-05-16","874.51","East"
713,134,195,"2025-02-08","886.39","West"
714,118,200,"2025-03-10","544.46","West"
715,136,14,"2024-09-09","67.88","East"
716,114,150,"2025-02-19","656.17","North"
717,115,51,"2025-04-23","942.59","North"
718,142,118,"2025-02-13","498.38","East"
719,100,175,"2025-03-21","82.99","East"
720,127,110,"2025-03-30","820.96","South"
721,132,30,"2025-04-04","876.85","South"
722,122,116,"2025-02-06","967.62","North"
723,105,20,"2024-10-25","340.13","North"
724,127,57,"2024-11-24","502.31","South"
725,132,140,"2024-07-25","307.20","South"
726,148,98,"2025-01-12","679.86","South"
727,133,136,"2024-05-11","413.78","South"
728,121,104,"2024-07-16","140.41","West"
729,133,187,"2024-07-08","642.76","South"
730,120,54,"2024-10-07","408.00","North"
731,102,161,"2024-07-03","705.33","North"
732,104,152,"2024-10-09","934.74","North"
733,115,127,"2025-02-05","797.64","South"
734,127,17,"2025-04-09","942.74","East"
735,120,122,"2025-03-27","697.44","North"
736,114,137,"2024-08-28","487.82","West"
737,112,79,"2025-03-26","799.42","West"
738,100,193,"2024-12-18","645.78","East"
739,102,120,"2025-03-27","333.57","North"
740,101,18,"2024-10-29","606.51","East"
741,133,142,"2025-04-11","198.16","East"
742,120,27,"2024-12-04","243.39","West"
743,141,192,"2024-12-25","821.36","North"
744,132,133,"2024-11-13","554.18","West"
745,102,81,"2024-09-01","759.22","East"
746,103,134,"2025-03-13","522.40","East"
747,138,86,"2024-11-12","81.45","North"
748,116,117,"2024-08-29","558.13","West"
749,103,42,"2024-06-22","786.37","South"
750,119,3,"2025-04-09","370.90","North"
751,131,150,"2024-11-23","972.65","West"
752,140,41,"2024-09-01","436.60","North"
753,103,129,"2024-06-15","708.68","West"
754,101,6,"2024-07-12","521.80","North"
755,131,101,"2025-03-05","238.02","North"
756,125,21,"2024-09-12","966.48","South"
757,128,153,"2024-05-21","730.46","North"
758,107,159,"2024-09-30","200.82","East"
759,115,96,"2025-04-19","122.13","West"
760,120,161,"2024-11-24","988.35","East"
761,103,27,"2024-08-26","876.65","South"
762,129,185,"2024-07-01","175.59","West"
763,135,106,"2024-05-25","362.70","East"
764,124,157,"2025-03-30","579.82","South"
765,121,187,"2024-12-21","784.16","North"
766,131,117,"2024-12-20","324.48","North"
767,137,129,"2024-11-16","657.74","East"
768,126,109,"2024-05-25","64.09","East"
769,100,25,"2025-04-02","900.71","South"
770,126,140,"2024-07-21","694.46","West"
771,117,63,"2024-11-07","179.70","South"
772,110,140,"2024-08-24","662.00","South"
773,133,86,"2025-03-18","888.96","West"
774,102,188,"2024-10-03","402.02","East"
775,120,130,"2024-08-06","400.84","South"
776,109,100,"2025-04-09","326.14","North"
777,119,11,"2024-06-08","422.00","South"
778,118,158,"2024-12-20","854.06","West"
779,108,62,"2024-07-06","478.10","South"
780,116,171,"2024-10-15","644.41","East"
781,129,2,"2025-02-26","422.93","South"
782,128,132,"2024-10-27","133.62","North"
783,139,74,"2025-01-02","430.40","South"
784,146,19,"2024-05-09","875.65","West"
785,136,189,"2024-07-02","724.67","West"
786,140,124,"2024-11-06","739.75","East"
787,149,88,"2024-10-28","372.98","West"
788,142,133,"2025-04-27","538.45","North"
789,126,153,"2024-09-15","139.89","West"
790,143,98,"2025-03-07","246.76","West"
791,149,105,"2024-07-06","205.06","South"
792,145,51,"2024-11-03","86.20","East"
793,130,67,"2024-12-28","338.41","South"
794,118,23,"2025-04-20","451.91","West"
795,126,155,"2025-04-21","774.09","North"
796,138,40,"2024-05-08","500.50","West"
797,117,76,"2024-11-19","630.64","North"
798,132,138,"2025-03-06","398.00","North"
799,138,47,"2025-04-17","941.62","South"
800,115,108,"2024-09-10","455.83","South"
801,123,47,"2024-11-24","388.78","West"
802,132,62,"2024-08-08","430.18","North"
803,117,55,"2024-10-07","129.86","West"
804,107,169,"2024-05-22","447.55","West"
805,139,40,"2025-03-20","438.80","East"
806,131,48,"2024-11-15","107.99","East"
807,117,92,"2024-11-05","697.72","West"
808,147,113,"2024-07-25","793.24","North"
809,134,85,"2025-02-17","133.94","West"
810,114,174,"2024-12-18","291.82","North"
811,118,93,"2024-05-15","91.83","East"
812,139,52,"2025-01-15","936.44","North"
813,126,53,"2024-11-06","759.71","West"
814,103,28,"2025-02-07","254.45","East"
815,147,99,"2025-04-04","371.48","West"
816,115,167,"2024-06-25","205.42","East"
817,106,117,"2025-04-18","885.69","North"
818,114,169,"2024-09-18","858.39","North"
819,143,142,"2025-04-05","453.67","East"
820,114,126,"2024-06-25","790.86","West"
821,119,191,"2024-09-04","398.30","West"
822,122,15,"2025-03-10","600.84","North"
823,130,110,"2024-05-06","260.60","North"
824,108,43,"2024-08-04","129.80","South"
825,117,58,"2025-04-27","649.15","North"
826,115,60,"2024-10-09","68.58","West"
827,106,9,"2025-04-27","61.77","North"
828,106,63,"2024-06-17","961.16","North"
829,127,44,"2024-05-04","746.24","West"
830,112,10,"2024-07-30","147.60","East"
831,105,123,"2024-09-30","350.62","North"
832,128,57,"2024-09-09","997.21","North"
833,133,112,"2024-08-04","513.54","North"
834,111,131,"2024-06-02","90.88","South"
835,133,138,"2025-01-27","410.76","South"
836,112,194,"2024-06-20","319.52","South"
837,118,37,"2024-09-06","362.61","West"
838,118,151,"2024-05-04","146.78","North"
839,140,144,"2024-12-19","641.29","South"
840,112,140,"2024-11-07","744.32","East"
841,101,74,"2024-12-21","460.12","East"
842,110,86,"2024-08-02","422.03","South"
843,116,3,"2024-08-16","801.53","East"
844,146,35,"2025-04-14","826.70","East"
845,122,58,"2024-12-10","241.68","West"
846,102,89,"2024-11-12","791.88","West"
847,101,197,"2025-01-21","477.95","South"
848,117,186,"2025-04-03","292.95","South"
849,123,182,"2025-04-14","784.54","South"
850,138,198,"2025-03-07","530.08","West"
851,143,127,"2024-09-17","401.29","South"
852,105,44,"2024-12-06","773.31","North"
853,149,175,"2024-07-23","959.75","West"
854,122,23,"2024-08-11","327.83","West"
855,143,57,"2024-06-05","206.82","North"
856,148,188,"2024-08-15","114.78","West"
857,126,155,"2025-03-23","752.88","North"
858,133,123,"2024-09-12","857.37","East"
859,142,31,"2024-05-28","765.19","East"
860,104,175,"2024-09-20","100.96","West"
861,128,161,"2024-11-19","949.44","South"
862,131,183,"2024-05-09","725.66","East"
863,134,134,"2025-04-15","116.98","North"
864,138,171,"2024-05-27","809.25","South"
865,102,181,"2024-06-26","538.14","North"
866,129,79,"2024-07-06","931.15","North"
867,101,94,"2024-09-24","498.22","East"
868,134,136,"2024-08-03","111.63","East"
869,144,137,"2024-10-11","431.49","West"
870,107,160,"2024-05-06","84.19","South"
871,128,154,"2024-09-29","85.90","East"
872,138,12,"2025-03-23","415.25","North"
873,102,138,"2024-06-17","530.93","East"
874,131,182,"2024-06-20","667.93","West"
875,150,77,"2024-07-06","951.31","South"
876,110,11,"2024-07-23","229.73","North"
877,105,52,"2024-05-10","287.78","North"
878,113,102,"2024-05-27","275.72","West"
879,105,128,"2024-09-11","928.89","East"
880,119,50,"2024-12-25","602.75","East"
881,125,21,"2024-08-30","117.98","North"
882,109,173,"2025-02-22","738.86","West"
883,119,100,"2025-01-11","967.94","South"
884,133,3,"2024-10-07","517.66","North"
885,134,16,"2024-11-08","594.25","East"
886,134,74,"2024-10-08","220.86","West"
887,101,25,"2025-01-31","283.45","West"
888,143,86,"2024-12-10","154.51","South"
889,122,164,"2025-02-11","325.81","North"
890,136,81,"2024-11-06","828.69","North"
891,120,116,"2024-10-22","163.39","North"
892,123,61,"2024-11-04","548.94","North"
893,129,155,"2024-06-24","340.99","North"
894,115,42,"2024-05-20","367.72","South"
895,118,159,"2024-06-14","870.60","West"
896,130,123,"2024-12-24","610.01","East"
897,147,24,"2025-04-24","565.73","South"
898,109,53,"2024-09-26","875.00","North"
899,119,81,"2025-01-18","144.99","North"
900,118,41,"2024-11-08","645.94","West"
901,148,154,"2025-04-20","469.77","East"
902,150,146,"2024-06-28","376.44","West"
903,103,175,"2025-04-03","545.45","North"
904,133,145,"2024-11-04","479.08","West"
905,113,121,"2024-07-26","989.93","North"
906,122,120,"2024-10-07","765.76","South"
907,126,15,"2024-06-03","195.20","West"
908,101,32,"2024-11-24","610.42","East"
909,103,125,"2025-02-16","295.63","South"
910,110,112,"2025-04-15","227.73","East"
911,139,93,"2024-10-31","563.43","West"
912,143,18,"2024-07-24","817.16","West"
913,142,50,"2025-02-28","272.53","South"
914,102,10,"2024-06-04","795.91","North"
915,102,19,"2024-11-05","332.84","South"
916,106,20,"2024-10-02","554.60","South"
917,138,80,"2024-06-10","691.71","North"
918,137,55,"2024-05-20","921.20","North"
919,147,61,"2024-11-04","80.77","South"
920,148,172,"2025-01-20","380.21","West"
921,149,189,"2024-05-05","351.04","South"
922,119,38,"2024-06-12","204.47","South"
923,111,177,"2024-09-22","718.05","South"
924,130,98,"2025-03-22","647.45","West"
925,134,72,"2025-03-13","147.40","North"
926,122,141,"2024-08-24","693.28","South"
927,120,136,"2024-10-08","889.96","East"
928,118,40,"2025-03-03","526.40","South"
929,131,116,"2024-07-30","299.22","East"
930,117,88,"2024-07-29","634.28","North"
931,104,71,"2024-12-11","994.96","South"
932,125,153,"2024-08-08","434.02","West"
933,145,22,"2024-06-17","681.91","West"
934,121,38,"2024-09-04","155.53","West"
935,142,135,"2024-04-29","849.91","South"
936,119,47,"2024-06-21","460.73","South"
937,133,7,"2024-08-06","125.94","East"
938,118,129,"2025-02-01","157.23","West"
939,128,153,"2025-02-11","560.06","South"
940,133,87,"2025-04-25","474.79","South"
941,122,42,"2025-01-06","711.05","South"
942,112,19,"2025-01-02","546.47","North"
943,105,135,"2024-06-06","505.39","South"
944,120,128,"2025-03-27","702.09","South"
945,109,196,"2024-11-09","408.68","West"
946,115,42,"2024-06-26","648.22","West"
947,139,68,"2024-05-29","455.61","West"
948,121,125,"2024-11-20","410.86","East"
949,125,184,"2025-03-21","103.79","West"
950,129,110,"2024-08-24","407.54","South"
951,135,111,"2024-12-05","751.89","North"
952,106,86,"2025-02-16","186.41","West"
953,118,17,"2024-09-05","138.91","East"
954,145,117,"2025-04-20","92.83","South"
955,120,63,"2025-01-30","148.37","North"
956,108,23,"2024-10-01","649.05","North"
957,105,29,"2025-01-07","335.91","South"
958,112,188,"2024-10-28","591.17","South"
959,125,73,"2025-02-23","746.05","East"
960,105,65,"2024-09-13","670.91","North"
961,134,181,"2024-10-02","192.03","West"
962,139,158,"2024-11-08","480.79","East"
963,118,127,"2024-09-02","410.99","South"
964,119,196,"2024-12-03","446.02","East"
965,136,24,"2024-06-07","767.02","North"
966,135,196,"2024-08-24","66.78","North"
967,149,198,"2024-12-30","256.39","East"
968,119,96,"2024-07-09","857.12","West"
969,112,118,"2025-04-28","179.56","North"
970,138,58,"2024-07-22","297.58","South"
971,140,112,"2025-01-08","589.74","North"
972,141,31,"2025-03-02","75.97","South"
973,122,191,"2024-08-10","226.78","West"
974,145,75,"2024-05-04","804.11","South"
975,104,53,"2024-04-30","727.37","North"
976,135,175,"2024-11-18","760.24","West"
977,106,20,"2024-10-20","605.80","West"
978,150,188,"2025-03-20","400.68","North"
979,137,149,"2025-03-04","578.44","West"
980,146,84,"2025-04-28","251.51","South"
981,103,91,"2025-03-22","821.55","East"
982,132,35,"2024-08-11","98.74","East"
983,125,190,"2024-06-14","765.31","East"
984,117,179,"2024-08-16","798.48","South"
985,105,29,"2025-02-03","986.35","East"
986,126,48,"2024-09-04","117.79","West"
987,114,91,"2025-02-15","878.25","West"
988,144,87,"2024-08-03","904.11","East"
989,130,25,"2025-01-07","930.52","West"
990,132,45,"2024-10-10","550.67","South"
991,135,178,"2024-11-16","831.70","South"
992,120,127,"2025-04-26","212.46","South"
993,147,173,"2024-12-12","614.29","South"
994,142,52,"2025-04-16","624.74","East"
995,101,170,"2024-08-09","425.93","East"
996,108,113,"2024-08-31","447.68","East"
997,130,27,"2024-12-26","188.95","East"
998,133,101,"2024-08-15","472.66","West"
999,149,30,"2025-01-30","808.92","North"
1000,101,171,"2024-09-12","750.06","West"
